Id|Codigo|Nombre|Habilitado|NIT
542|050015000099|DIRECCION  REGIONAL NOROESTE|1|800215546
543|050015020099|EPMSC MEDELLIN|1|800215546
544|050015360099|COMPLEJO CARCELARIO Y PENITENCIARIO DE MEDELLIN-PEDREGAL|1|800215546
545|050017000270|ESPAB COMANDO ANTIOQUIA|1|830041314
546|050017000570|ESPAB ESCUELA DE SUBOFICIALES CARLOS HOLGUIN|1|830041314
547|050017000670|UNIDAD PRESTADORA DE SERVICIOS DE SALUD|0|901363087
548|050018103280|BATALLON DE INSTRUCCION ENTRENAMIENTO Y REENTRENAMIENTO No 4 FRAY MARIANO GARNICA Y ORJUELA|1|830039670
549|050018400101|TECNOMEDICA MD SAS|1|900494362
550|050018500101|AURORA SOLUTIONS SAS|1|901653370
551|050018500201|Domina Entrega Total SAS|1|800088155
552|050018500301|VAXTHERA S.A.S.|1|901208348
553|050018500401|ORTOPEDICA TAO SAS|1|900566714
554|050018509280|DISPENSARIO MEDICO MEDELLIN|1|830039670
555|050018600280|BATALLON DE INFANTERIA No 10 CR. ATANASIO GIRARDOT|1|830039670
556|050018600680|BATALLON DE ARTILLERIA No 4 CR. JORGE EDUARDO SANCHEZ RODRIGUEZ|1|830039670
557|050018605080|BATALLON DE INFANTERIA No 32 GR. PEDRO JUSTO BERRIO|1|830039670
558|050018700101|RED FARMACEUTICA|1|900355964
559|050885020099|EPMSC MEDELLIN|1|800215546
560|050887016370|ESPAB COMANDO DISTRITO BELLO|1|830041314
561|050888600580|BATALLON DE INGENIEROS No 4 GR. PEDRO NEL OSPINA|1|830039670
562|050889017099|CPAMSEJEBE|1|800215546
563|051015070099|EPMSC BOLIVAR-ANTIOQUIA|1|800215546
564|051208003480|BATALLON DE INFANTERIA AEROTRANSPORTADO No 31 RIFLES|1|830039670
565|051478603080|BATALLON DE ASPC No 17 CLARA ELISA NARVAEZ ARTEAGA|1|830039670
566|051478603180|BATALLON DE INSTRUCCION Y ENTRENAMIENTO No 17 NICOLAS MAURICIO DE OMAÑA|0|830039670
567|051545080099|EPMSC CAUCASIA|1|800215546
568|056658123480|BATALLON DE INFANTERIA No 47 GR. FRANCISCO DE PAULA VELEZ|1|830039670
569|056795170099|EPMSC SANTA BARBARA|1|800215546
570|056865190099|EPMSC SANTA ROSA DE OSOS|1|800215546
571|056905180099|EPMSC SANTO DOMINGO|1|800215546
572|057368123480|BATALLON ESPECIAL ENERGETICO Y VIAL No 8 MY. MARIO SERPA CUESTO|1|830039670
573|057565210099|EPMSC SONSON|1|800215546
574|057895230099|EPMSC TAMESIS|1|800215546
575|058095240099|EPMSC TITIRIBI|1|800215546
576|058378602181|ESTACION DE GUARDA COSTAS|1|830039670
577|080013000099|DIRECCION REGIONAL NORTE|1|800215546
578|080013220099|EPMSC BARRANQUILLA|1|800215546
579|080013301099|CMS BARRANQUILLA|1|800215546
580|080018101580|BATALLON DE ASPC No 2 CACIQUE ALFONSO XEQUE|1|830039670
581|080018103481|ESCUELA NAVAL DE SUBOFICIALES|1|830039670
582|080018500101|EVEDISA BARRANQUILLA|1|891409291
583|080018500201|DISTRIBUCIONES CHAVA NORTE SAS|1|900417425
584|080018700101|SENIOR PHARMA SAS|1|900694556
585|080018700201|UT SERVICIOS FARMACEUTICOS DEL ATLANTICO|1|901667946
586|050018700201|ARACA PHARMACEUTICAL SAS|1|901221122
587|050018700301|COMERCIALIZADORA MEDIFLASH SAS|1|901651245
588|050018700401|Pharmarket AI S.A.S|1|901602385
589|050018700501|Agafarma SAS|1|901611959
590|050345050099|EPMSC ANDES|1|800215546
591|050348600380|BATALLON DE INFANTERIA No 11 CACIQUE NUTIBARA|1|830039670
592|050425060099|EC SANTA FE DE ANTIOQUIA|1|800215546
593|110011290099|RM BOGOTA|1|800215546
594|110011442901|ECOPETROL S.A. REGIONAL DE SALUD CENTRAL|1|899999068
595|110017000193|UNIDAD PRESTADORA DE SALUD DE BOGOTA|1|901361596
596|110017003670|ESPAB COMANDO CUNDINAMARCA|1|830041314
597|110017008870|ESPAM UNIDAD MEDICA DEL NORTE|1|830041314
598|110017008970|ESPAM UNIDAD MEDICA DE CHAPINERO|1|830041314
599|110017009170|ESPAM UNIDAD MEDICA DEL SUR|1|830041314
600|110017009270|ESPAM UNIDAD MEDICA DE SAN ANTONIO|1|830041314
601|110017009470|ESPAB COMANDO METROPOLITANA DE BOGOTA|1|830041314
602|110017009770|ESPAB ESTACION ENGATIVA|1|830041314
603|110017010270|ESPAB CENTRO DE ESTUDIOS SUPERIORES|1|830041314
604|110017010470|ESPAB CASA DEL OFICIAL RETIRADO|1|830041314
605|110017010770|ESPAB COLEGIO SAN LUIS|1|830041314
606|110017010870|ESPAB SERVICIO AEREO|1|830041314
607|110017011070|ESPAB ESTACION USME|1|830041314
608|110017011170|ESPAB ESTACION SAN CRISTOBAL|1|830041314
609|110017011670|ESPAB KENNEDY|1|830041314
610|110017011770|ESPAB CAJA DE SUELDOS DE RETIRO|1|830041314
611|110017011970|ESPAB ESCUELA DE CADETES Y ALFERECES GENERAL SANTANDER|1|830041314
612|110017012370|ESPAB ESTACION BOSA|1|830041314
613|110017012470|ESPHA HOSPITAL CENTRAL|1|830067597
614|110017013370|ESPAB ESTACION TRANSITO|1|830041314
615|110017014170|ESPAB POLICIA DE CARRETERAS|1|830041314
616|110017014370|ESPAM UNIDAD MEDICA SEDE DE SEGURIDAD SOCIAL|1|830041314
617|110017017370|ESPAB CENTRO AEREO BOGOTA|1|830041314
618|110017017470|ESPAM UNIDAD MEDICA BG. EDGAR YESID DUARTE VALERO|1|830041314
619|110017017970|CLINICA DE LA POLICIA NACIONAL SEDE SUR|1|830041314
620|110018100181|BATALLON DE ALTA MONTAÑA No 1 TC. ANTONIO ARREDONDO - LAS AGUILAS SUMAPAZ|1|830039670
621|110018102882|CONSULTORIO COMANDO GENERAL|0|830039670
622|110018102982|CONSULTORIO FUERZA AEREA|0|830039670
623|110018103280|CLINICA ODONTOLOGICA|0|830039670
624|110018107180|ESCUELA SUPERIOR DE GUERRA|1|830039670
625|110018108180|CENTRO DE ALISTAMIENTO PARA EL COMBATE Y SEGURIDAD AEREA BOGOTA|1|830039670
626|110018112980|DIVISION DE FUERZAS ESPECIALES|1|830039670
627|110018241481|CENTRO DE MEDICINA NAVAL|1|830039670
628|110018400101|HEALTHUMANA SAS|1|900751323
629|110018400201|HEALTHATOM COLOMBIA SAS|1|901718077
630|110018500101|EVEDISA BOGOTA D.C.|1|891409291
631|110018500401|VELEZ LAB S.A.S.|1|860503326
632|110018500501|E-TAKEOFF S.A.S|1|900626305
633|110018500601|ALMACEN ORTOPEDICO OLAYA SAS|1|901017982
634|110018500701|SOFTIX S.A.S|1|901281276
635|110018500801|PROSINTESIS S.A.S|1|900257514
636|110018500901|FACTURA1 S.A.S.|1|900875062
637|110018501001|IVASCULAR COLOMBIA SAS|1|901529437
638|110018501101|Sanofi Aventis de Colombia SA|1|830010337
639|110018503180|ASOCIACION DE OFICIALES RETIRADOS|1|830039670
640|110018506580|BATALLON DE SANIDAD SL. JOSE MARIA HERNANDEZ|1|830039670
641|110018507180|BATALLON DE INFANTERIA No 37 GUARDIA PRESIDENCIAL|1|830039670
642|110018507880|BATALLON DE ASPC No 13 CACIQUE TISQUESUZA|1|830039670
643|110018507980|ESCUELA MILITAR DE CADETES GENERAL JOSE MARIA CORDOVA|1|830039670
644|110018508080|DISPENSARIO MEDICO GILBERTO ECHEVERRI MEJIA|1|830039670
645|110018509080|ESCUELA DE LOGISTICA|1|830039670
646|110018509180|BATALLON DE TRANSPORTES TARAPACA - DISPENSARIO SUR|1|830039670
647|110018511282|CENTRO ODONTOLOGICO DE LA FUERZA AEREA|1|830039670
648|110018511382|DISPENSARIO MEDICO FAC|1|830039670
649|110018511582|CENTRO DE MEDICINA AEROESPACIAL|1|830039670
650|110018511982|COMANDO AEREO DE TRANSPORTE MILITAR|1|830039670
651|110018512980|BATALLON DE INSTRUCCION ENTRENAMIENTO Y REENTRENAMIENTO No 13 ANTONIO MORALES GALVIS|1|830039670
652|110018512981|CENTRO DE EVACUADOS|0|830039670
653|110018513081|CENTRO DE MEDICIANA NAVAL NORTE|0|830039670
654|110018513380|ASOCIACION DE SOLDADOS PENSIONADOS Y DISCAPACITADOS DE COLOMBIA|0|830039670
655|110018513480|CASAS FISCALES SPRING-CONJUNTO LOS LIBERTADORES|1|830039670
656|110018522680|GRUPO DE CABALLERIA No 10 TEQUENDAMA|0|830039670
657|110018523080|CAJA DE SUELDOS DE RETIRO|0|830039670
658|110018523580|REGIONAL DE APOYO Y SERVICIO PARA LA INTELIGENCIA MILITAR.|1|830039670
659|110018567880|COMANDO EJERCITO|1|830039670
660|110018600101|NSSR TRANSPORTE SEGURO|1|901208937
661|110018630581|CEREN|0|830039670
662|110018700101|DROGUERIAS Y FARMACIAS CRUZ VERDE SAS|1|800149695
663|110018700201|DISTRIBUIDORA DE PRODUCTOS FARMACEUTICOD DEPOSITO DE MEDICAMENTOS LTDA|1|830117829
664|110018700301|MEDICORE PHARMA SAS|1|901211594
665|110018700401|MESPHARMA S.A.S.|1|901271944
666|110018700501|CONVIT PHARMACEUTICALS SAS|1|901672081
667|110018700601|FARMAGENESIS SAS|1|901679790
668|110018700701|Bonne Sante Group SAS|1|901256347
669|110018700801|BRANDEX INTERNATIONAL SAS|1|901316291
670|110018700901|Pharmasí SAS|1|901786288
671|110018800280|DISPENSARIO MEDICO SUROCCIDENTE|1|830039670
672|110019000099|INPEC|1|800215546
673|110019006099|CPAMSEJEPO|1|800215546
674|130013030099|EPMSC CARTAGENA|1|800215546
675|130017001170|ESPAM UNIDAD MEDICA CARTAGENA DE INDIAS|1|830041314
676|130017018370|ESPAB BOLIVAR|1|830041314
677|130018102781|CONSULTORIO NAVAL BARRIO SOCORRO|0|830039670
678|130018108081|BUQUE ARC GLORIA|0|830039670
679|130018111381|CONSULTORIO NAVAL No 06|0|830039670
680|130018111481|BLAS DE LEZO|0|830039670
681|130018203381|ESCUELA NAVAL ALMIRANTE PADILLA|1|830039670
682|130018211581|BATALLON DE INFANTERIA DE MARINA No 12|1|830039670
683|110019011099|CPAMSEJART|1|800215546
684|110019022099|ARBOG  BOGOTA|1|800215546
685|110019027099|CENTRO DE RECLUSION PENITENCIARIO Y CARCELARIO VIRTUAL|1|800215546
686|151761040099|CPMS CHIQUINQUIRA|1|800215546
687|151767001470|ESPAB DISTRITO CHIQUINQUIRA|1|830041314
688|151768504280|BATALLON DE INFANTERIA No 2 MARISCAL JOSE ANTONIO SUCRE|1|830039670
689|152041020099|EPC COMBITA-MEDIANA SEGURIDAD-BARNE|1|800215546
690|152041500099|EPAMSCAS COMBITA|1|800215546
691|086858500101|EVEDISA SANTO TOMAS|1|891409291
692|087587000970|ESPAB ESCUELA ANTONIO NARIÑO|1|830041314
693|087587001070|ESPIM CLINICA REGIONAL DEL CARIBE|1|830041314
694|087588500101|EVEDISA SOLEDAD|1|891409291
695|180011430099|EPMSC FLORENCIA|1|800215546
696|180011570099|EP LAS HELICONIAS DE FLORENCIA|1|800215546
697|180017002770|ESPAB COMANDO CAQUETA|1|830041314
698|180018101280|BATALLON DE APOYO DE SERVICIOS CONTRA EL NARCOTRAFICO - LARANDIA|1|830039670
699|157591120099|EPMSC SOGAMOSO|1|800215546
700|157597001870|ESPAB DISTRITO SOGAMOSO|1|830041314
701|157598503880|BATALLON DE ARTILLERIA No 1 TARQUI|1|830039670
702|195732060099|EPMSC PUERTO TEJADA|1|800215546
703|196938100480|BATALLON DE INSTRUCCION ENTRENAMIENTO Y REENTRENAMIENTO No 29 CAMILO TORRES TENORIO - EL ESTRECHO|1|830039670
704|196938123480|BATALLON DE  ALTA MONTAÑA No4 GR. BENJAMIN HERRERA CORTES|0|830039670
705|196982070099|EPMSC SANTANDER DE QUILICHAO|1|800215546
706|196987015270|ESPAB SANTANDER DE QUILICHAO|1|830041314
707|150011490099|EPMSC TUNJA|1|800215546
708|150017002270|ESPIM CLINICA DE TUNJA|1|830041314
709|150018400101|DISTRISURG SAS|1|901379097
710|150018504180|BATALLON DE ASPC No 1 CACIQUE TUNDAMA|1|830039670
711|190012090099|RM POPAYAN|1|800215546
712|190012350099|EPAMSCAS POPAYAN (ERE)|1|800215546
713|190017002970|ESPAB POPAYAN|1|830041314
714|190018300580|BATALLON DE ASCP No 29 GR. ENRIQUE ARBOLEDA CORTES|1|830039670
715|190018400101|FARMASALUD POPAYAN SAS|1|901076369
716|130018250081|HOSPITAL NAVAL DE CARTAGENA|1|901541021
717|130018500101|EVEDISA CARTAGENA|1|891409291
718|152991060099|EPMS GARAGOA|1|800215546
719|152997001570|ESPAB DISTRITO GARAGOA|1|830041314
720|153221070099|EPMSC GUATEQUE|1|800215546
721|184108123480|BATALLON DE INSTRUCCION Y ENTRENAMIENTO No 12|0|830039670
722|200017003070|ESPAB VALLEDUPAR|1|830041314
723|200018100880|BATALLON DE INGENIEROS No 10 GR. MANUEL ALBERTO MURILLO GONZALEZ|1|830039670
724|200018100980|BATALLON DE ASPC No 10 CACIQUE UPARE|1|830039670
725|130010058001|ECOPETROL S.A REGIONAL DE SALUD NORTE|1|899999068
726|130010058002|ECOPETROL S.A REGIONAL DE SALUD NORTE SERVICIO DE SALUD REFINERIA MAMONAL|1|899999068
727|154691090099|EPMSC MONIQUIRA|1|800215546
728|154697001970|ESPAB DISTRITO MONIQUIRA|1|830041314
729|155726330099|EPMSC PUERTO BOYACA|1|800215546
730|155728517980|BATALLON DE INFANTERIIA No 3 BATALLA DE BARBULA|1|830039670
731|193188104981|BATALLON FLUVIAL DE INFANTERIA DE MARINA No 42|1|830039670
732|200114050099|EPMSC AGUACHICA|1|800215546
733|055795150099|EPMSC PUERTO BERRIO|1|800215546
734|055798178080|BAT DE INSTRUC  ENTREN Y REENTREN No14|0|830039670
735|055798601980|BATALLON DE ASPC No 14 CACIQUE PIPATON|1|830039670
736|055798603480|BATALLON DE INFANTERIA No 42 BATALLA DE BOMBONA - GUASIMAL|1|830039670
737|055915350099|EP PUERTO TRIUNFO|1|800215546
738|254888106280|CENTRO DE ALISTAMIENTO PARA EL COMBATE Y SEGURIDAD AEREA - TOLEMAIDA|1|830039670
739|254888106380|REGIMIENTO DE FUERZAS ESPECIALES No 3 - TOLEMAIDA|1|830039670
740|254888254880|ESCUELA DE SOLDADOS PROFESIONALES|1|830039670
741|254888506980|DISPENSARIO MEDICO TOLEMAIDA|1|830039670
742|058875270099|EPMSC YARUMAL|1|800215546
743|058930964001|ECOPETROL S.A -SERVICIO DE SALUD CASABE|1|899999068
744|058958123480|BATALLON ESPECIAL ENERGETICO Y VIAL No 5 GR. JUAN JOSE REYES PATRIA|1|830039670
745|132448500101|EVEDISA CARMEN DE BOLIVAR|1|891409291
746|252867340099|ESCUELA PENITENCIARIA NACIONAL ENRIQUE LOW MURTRA|1|800215546
747|252901190099|EPMSC FUSAGASUGA|1|800215546
748|252907004070|ESPAB DISTRITO FUSAGASUGA|1|830041314
749|252907004270|ESPAB ESCUELA DE SUMAPAZ|1|830041314
750|080010000000|ECOPETROL S.A. BARRANQUILLA|1|899999068
751|197432080099|EPMSC SILVIA|1|800215546
752|252697003770|ESPAB ESCUELA NACIONAL DE CARABINEROS|1|830041314
753|252697003970|ESPAB DISTRITO FACATATIVA|1|830041314
754|252698500101|EVEDISA FACATATIVA|1|891409291
755|252698520780|BATALLON DE APOYO Y SERVICIOS PARA LAS COMUNICACIONES GR. MANUEL VALDIVIESO|1|830039670
756|252699001099|CPMMSF FACATATIVA|1|800215546
757|252699016099|CPAMSEJECO|1|800215546
758|155991100099|EPMS RAMIRIQUI|1|800215546
759|156468304780|BATALLON DE INSTRUCCION ENTRENAMIENTO Y REENTRENAMIENTO No 1 JOSE JOAQUIN CAMACHO Y LAGO|1|830039670
760|156931030099|EPMSC SANTA ROSA DE VITERBO (JYP-MUJERES)|1|800215546
761|156937001370|ESPAB ESCUELA RAFAEL REYES|1|830041314
762|157537001770|ESPAB DISTRITO SOATA|1|830041314
763|191002020099|EPMSC BOLIVAR-CAUCA|1|800215546
764|253861240099|EPMSC LA MESA|1|800215546
765|254308511882|COMANDO AEREO DE MANTENIMIENTO|1|830039670
766|084338101080|BATALLON DE INGENIEROS MILITARES NO 2 VERGARA Y VELASCO|1|830039670
767|084338105282|COMANDO AEREO DE COMBATE NO. 03 BASE AEREA MG. ALBERTO PAWELS RODRIGUEZ|1|830039670
768|084338500101|EVEDISA MALAMBO|1|891409291
769|084339021099|CPAMSEJEMA|1|800215546
770|086383020099|EC SABANALARGA (ERE)|1|800215546
771|170426020099|EPMSC ANSERMA|1|800215546
772|257407004370|ESPAB ESCUELA GONZALO JIMENEZ DE QUESADA|1|830041314
773|257547014570|ESPAB SOACHA|1|830041314
774|257588700101|Pentapharma Sas|1|900579009
775|252908500101|EVEDISA FUSAGASUGA|1|891409291
776|252908522580|BATALLON DE INFANTERIA No 39 SUMAPAZ|1|830039670
777|252971200099|EPMSC GACHETA|1|800215546
778|253071380099|EPMSC GIRARDOT|1|800215546
779|253077004170|ESPAB DISTRITO GIRARDOT|1|830041314
780|253078500101|EVEDISA GIRARDOT|1|891409291
781|253078506980|CONSULTORIO MEDICO GIRARDOT|1|830039670
782|253078567880|ESCUELA MILITAR DE SUBOFICIALES SS. INOCENCIO CHINCA - TOLEMAIDA|1|830039670
783|253201560099|EPC LA ESPERANZA DE GUADUAS|1|800215546
784|140013030099|EPMSC CARTAGENA|1|800215546
785|140018102581|CONSULTORIO NAVAL BARRIO MANZANILLO|0|830039670
786|140018102681|CONSULTORIO NAVAL BARRIO CRESPO|0|830039670
787|140018103981|BASE NAVAL No 01|0|830039670
788|140018111381|UNIDAD FUNCIONAL DE ATENCIONPRIMARIA CORALES|0|830039670
789|270015300099|EPMSC QUIBDO|1|800215546
790|270017003170|ESPAB SAN PEDRO CLAVER|1|830041314
791|270018304580|BATALLON DE ASPC No 15 SP. JOSE WILLIAN COPETE COPETE|1|830039670
792|270018305780|BATALLON DE INGENIEROS No 15 GR. JULIO LONDOÑO LONDOÑO - LAS ANIMAS|1|830039670
793|170016010099|EPMSC MANIZALES|1|800215546
794|170016110099|RM MANIZALES|1|800215546
795|170017002370|ESPIM CLINICA DE LA TOSCANA|1|830041314
796|170017002470|ESPAB ESCUELA ALEJANDRO GUTIERREZ|1|830041314
797|170018302880|BATALLON DE INFANTERIA No 22 BATALLA DE AYACUCHO|1|830039670
798|170136030099|EPMSC AGUADAS|1|800215546
799|235808123480|FUERTE MILITAR.  PUESTO MANDO ADELANTADO FUCAD|0|830039670
800|273615330099|EPMSC ISTMINA|1|800215546
801|110011130099|COMPLEJO CARCELARIO Y PENITENCIARIO METROPOLITANO DE BOGOTA|1|800215546
802|110011140099|EC BOGOTA|1|800215546
803|136478500101|EVEDISA ESTANISLAO|1|891409291
804|173806370099|EPAMS LA DORADA|1|800215546
805|173807002670|ESPAB DISTRITO LA DORADA|1|830041314
806|175136070099|EPMSC PACORA|1|800215546
807|200138123480|BATALLON DE ALTA MONTAÑA No 7 MAYOR GUILLERMO M.|0|830039670
808|415511420099|EPMSC PITALITO|1|800215546
809|415517014270|ESPAB PITALITO|1|830041314
810|134303050099|EPMSC MAGANGUE|1|800215546
811|134308202981|BATALLON FLUVIAL DE INFANTERIA DE MARINA No 17|1|830039670
812|134308500101|EVEDISA MAGANGUE|1|891409291
813|134338111181|BATALLON DE INFANTERIA DE MARINA No 13|1|830039670
814|412981400099|EPMSC GARZON|1|800215546
815|412987014670|ESPAB GARZON|1|830041314
816|412988303480|BATALLON DE INFANTERIA No 26 CACIQUE PIGOANZA|1|830039670
817|413068500101|CUERPO DE BOMBEROS VOLUNTARIOS DE GIGANTE|1|891103875
818|413961410099|EPMSC LA PLATA|1|800215546
819|180018505980|BATALLON DE INGENIEROS No 12 GR. LIBORIO MEJIA - VENECIA|1|830039670
820|180018517780|BATALLON DE ASPC No 12 GR. FERNANDO SERRANO|1|830039670
821|238078123480|BATALLON DE INSTRUCCION  ENTRENAMIENTO Y REENTRENAMIENTO No 11 ANTONIO IGNACIO GALLARDO Y GUERRERO|1|830039670
822|277878290580|BATALLON DE INSTRUCCION Y ENTRENAMIENTO No 15 JOSE MARIA MOLEDO|0|830039670
823|440013130099|EPMSC RIOHACHA|1|800215546
824|440017004670|ESPAB COMANDO GUAJIRA|1|830041314
825|440018100780|BATALLON DE INFANTERIA MECANIZADO No 6 CARTAGENA|1|830039670
826|440018500101|EVEDISA RIOHACHA|1|890102018
827|440358100180|GRUPO DE CABALLERIA BLINDADO MEDIANO CORONEL GUSTAVO MATAMOROS DACOSTA|1|830039670
828|181508117780|BATALLON DE OPERACIONES TERRESTRES No 1 - PEÑAS COLORADAS|1|830039670
829|251511160099|EPMSC CAQUEZA|1|800215546
830|251517004570|ESPAB DISTRITO CAQUEZA|1|830041314
831|251757014470|ESPAB DISTRITO CHIA|1|830041314
832|251758500101|EVEDISA CHIA|1|891409291
833|251831170099|EPMSC CHOCONTA|1|800215546
834|520012150099|EPMSC-RM PASTO|1|800215546
835|520017015470|ESPRI PALERMO|1|900807338
836|520018231280|BATALLON DE INSTRUCCION ENTRENAMIENTO Y REENTRENAMIENTO No 23 JORGE TADEO LOZANO - CHAPALITO|1|830039670
837|200117013870|ESPAB DISTRITO AGUACHICA|1|830041314
838|200118100580|BATALLON DE INSTRUCCION ENTRENAMIENTO Y REENTRENAMIENTO No 5 ANDRES MARIA ROSILLO|1|830039670
839|204008304880|BATALLON DE INSTRUCCION ENTRENAMIENTO Y REENTRENAMIENTO No 10 JUAN BAUTISTA PEY DE ANDRADE - LA LOMA|1|830039670
840|472453160099|EPMSC EL BANCO|1|800215546
841|472888100280|BATALLON DE ALTA MONTAÑA No6  MY. ROBINSON DANIEL RUIZ|0|830039670
842|523562170099|EPMSC IPIALES|1|800215546
843|523567005770|ESPRI DISTRITO IPIALES|1|900807338
844|523568300880|GRUPO DE CABALLERIA MECANIZADO No 3 GR. JOSE MARIA CABAL|1|830039670
845|110013000001|UNIDAD PRESTADORA DE FEV RIPS|1|900000000
846|236607016570|ESPAB DISTRITO SAHAGUN|1|830041314
847|238073240099|EPMSC TIERRAALTA|1|800215546
848|500010119201|DISPENSARIO MEDICO ORIENTE-APIAY|1|901541154
849|500010150801|ECOPETROL META|1|899999068
850|500011310099|EPMSC VILLAVICENCIO|1|800215546
851|500017005270|ESPAB NUESTRA SEÑORA DEL PILAR|1|830041314
852|500017005370|ESPAB ESCUELA EDUARDO CUEVAS|1|830041314
853|500018403182|COMANDO AEREO DE COMBATE NO. 02 BASE AEREA CT. LUIS FERNANDO GOMEZ NINO|1|830039670
854|500018500101|PRODUCTIVIDAD DIGITAL SAS|1|901104775
855|500018700101|CARDIOCEREBROVASCULAR INSUMOS SAS|1|901271904
856|500018700201|UNION TEMPORAL NEUROGROUP|1|901665869
857|500019020099|CPAMSEJAPI|1|800215546
858|500019033099|CPMSCACOM-2|1|800215546
859|500061300099|CAMIS ACACIAS|1|800215546
860|500061480099|EPMSC ACACIAS|1|800215546
861|050455310099|EPMSC APARTADO|1|800215546
862|050457007470|ESPAB COMANDO URABA|1|830041314
863|195322040099|EPMSC EL BORDO|1|800215546
864|270507017670|ESPAB CENTRO DE INSTRUCCION YUTO|1|830041314
865|270758305781|BATALLON DE INFANTERIA DE MARINA No 23|1|830039670
866|545184070099|EPMSC PAMPLONA|1|800215546
867|545187017170|ESPAB DISTRITO PAMPLONA|1|830041314
868|545188201180|BATALLON DE INFANTERIA No 13 GR. CUSTODIO GARCIA ROVIRA|1|830039670
869|050010000000|ECOPETROL S.A. MEDELLIN|1|899999068
870|110011000099|DIRECCION REGIONAL CENTRAL|1|800215546
871|185928517780|BATALLON ESPECIAL ENERGETICO Y VIAL No 19 GR. JULIAN TRUJILLA LARGACHA|1|830039670
872|503131330099|EPMSC GRANADA|1|800215546
873|503138400880|BATALLON DE INFANTERIA No 21 BATALLON PANTANO DE VARGAS|1|830039670
874|503508123480|COMPAÑIA DE ASPC No 1 FUDRA1|1|830039670
875|503708123480|BATALLON DE INFANTERIA No 29 TC. GERMAN OCAMPO HERRERA|0|830039670
876|544984080099|EPMSC OCANA|1|800215546
877|056157000370|ESPAB DISTRITO RIO NEGRO|1|830041314
878|056158302982|COMANDO AEREO DE COMBATE NO. 05 BASE AEREA GENERAL ARTURO LEMA POSADA|1|830039670
879|056158600480|GRUPO DE CABALLERIA MECANIZADO No 4 JUAN DEL CORRAL|1|830039670
880|056288500101|EVEDISA SABANALARGA|1|891409291
881|230013080099|EPMSC MONTERIA|1|800215546
882|230017003270|ESPAB MONTERIA|1|830041314
883|230018102380|BATALLON DE ASPC No 11 CACIQUE TIRROME|1|830039670
884|230018700101|SERVICIOS INTEGRALES EN SALUD DE LA COSTA SAS|1|901060288
885|633028123480|BATALLON DE ALTA MONTAÑA No 5 GR. URBANO CASTELLANOS CASTILLO|1|830039670
886|131600046401|SERVICIO DE SALUD CANTAGALLO-ECOPETROL S.A|1|899999068
887|200013070099|EPMSC VALLEDUPAR|1|800215546
888|200013230099|EPAMSCAS VALLEDUPAR (ERM)|1|800215546
889|410010058801|ECOPETROL S.A. SERVICIOS DE SALUD NEIVA|1|899999068
890|502238123480|BATALLON DE INSTRUCCION ENTRENAMIENTO Y REENTRENAMIENTO No 7 JOSE MIGUEL PEY Y ANDRADE|1|830039670
891|542068204280|BATALLON ESPECIAL ENERGETIVO Y VIAL 10|0|830039670
892|542238300480|BATALLON DE INSTRUCCION ENTRENAMIENTO Y REENTRENAMIENTO No 30 FRUTOS JOAQUIN GUTIERREZ - SALAZAR DE LAS PALMAS|1|830039670
893|660016000099|DIRECCION REGIONAL VIEJO CALDAS|1|800215546
894|523992190099|EPMSC LA UNION|1|800215546
895|680018200580|DISPENSARIO MEDICO BUCARAMANGA|1|830039670
896|680018400301|DISFARMA GC SAS|1|900580962
897|680777015870|ESPAB DISTRITO BARBOSA|1|830041314
898|680810192201|ECOPETROL S.A. - REGIONAL DE SALUD MAGDALENA MEDIO|1|899999068
899|680810192202|ECOPETROL S.A. - REGIONAL DE SALUD MAGDALENA MEDIO - SERVICIO DE SALUD EL CENTRO|1|899999068
900|680810192203|SERVICIOS DE SALUD CANTAGALLO ECOPETROL|1|899999068
901|680810192205|DIVISION DE SALUD DEL MAGADALENA MEDIO POLICLINICA ECOPETROL|1|899999068
902|152381050099|EPMSC DUITAMA|1|800215546
903|152387001670|ESPAB DISTRITO DUITAMA|1|830041314
904|152388103880|CENTRO DE RECUPERACION DE LEISHMANISIS - BONZA|1|830039670
905|152388503780|GRUPO DE CABALLERIA MECANIZADO No 1 GENERAL MIGUEL SILVA PLAZAS - BONZA|1|830039670
906|152488504380|BATALLON DE ALTA MONTAÑA No 2 GENERAL SANTOS GUTIERREZ PRIETO|1|830039670
907|187538303780|BATALLON DE INFANTERIA No 36 CAZADORES|1|830039670
908|187568304282|ESTABLECIMINETO SANIDAD COMANDO AEREO DE COMBATE Nø6|1|830039670
909|234177003470|ESPAB DISTRITO LORICA|1|830041314
910|685470192206|CONSULTORIO MÉDICO ICP ECOPETROL|1|899999068
911|440988100880|GRUPO DE CABALLERIA MECANIZADO No 2 CORONEL JUAN JOSE RONDON - BUENAVISTA|1|830039670
912|630016130099|EPMSC ARMENIA|1|800215546
913|630016150099|RM ARMENIA|1|800215546
914|630017006170|ESPAB ARMENIA|1|830041314
915|630018302680|BATALLON DE ASPC No 8 CACIQUE CALARCA|1|830039670
916|631306120099|EPMSC CALARCA|1|800215546
917|631307014970|ESPAB DISTRITO CALARCA|1|830041314
918|683074210099|EPAMS GIRON|1|800215546
919|684324130099|EPMSC MALAGA|1|800215546
920|258398507380|BATALLON ESPECIAL ENERGETICO Y VIAL No 13 INDEPENDENCIA DE CUNDINAMARCA|1|830039670
921|258431260099|EPMSC UBATE|1|800215546
922|258751270099|EPMSC VILLETA|1|800215546
923|258757013270|ESPAB DISTRITO VILLETA|1|830041314
924|480013140099|EPMSC SANTA MARTA|1|800215546
925|480018100680|BATALLON DE INFANTERIA MECANIZADO NO 5 GENERAL JOSE MARIA CORDOVA|1|830039670
926|700013190099|EPMSC SINCELEJO|1|800215546
927|700017006770|ESPAB COMANDO SUCRE|1|830041314
928|413967014770|ESPAB DISTRITO LA PLATA|1|830041314
929|413968304080|BATALLON DE INSTRUCCION ENTRENAMIENTO Y REENTRENAMIENTO No 9 VICENTE DE LA ROCHA Y FLOREZ|1|830039670
930|470013140099|EPMSC SANTA MARTA|1|800215546
931|470017004970|ESPAM UNIDAD MEDICA NUESTRA SEÑORA DEL ROSARIO|1|830041314
932|470017016770|ESPAM UNIDAD MEDICA DE SANTA MARTA|1|830041314
933|470018500101|EVEDISA SANTA MARTA|1|891409291
934|702153200099|ERE COROZAL|1|800215546
935|702157006870|ESPAB ESCUELA RAFAEL NUÑEZ|1|830041314
936|444307004770|ESPAB DISTRITO MAICAO|1|830041314
937|540014220099|COMPLEJO CARCELARIO Y PENITENCIARIO METROPOLITANO DE CUCUTA|1|800215546
938|540017005970|ESPAM UNIDAD MEDICA CUCUTA|1|830041314
939|540018201580|BATALLON DE ASPC No 30 GUASIMALES|1|830039670
940|540018500101|DIPROMEDICOS S.A.S.|1|900493018
941|540018700101|NEGOCIOS FARMACÉUTICOS SAS|1|901480387
942|730016210099|COMPLEJO CARCELARIO  Y PENITENCIARIO  DE IBAGUE-PICALEÑA|1|800215546
943|730017006970|ESPAB IBAGUE|1|830041314
944|053605010099|CPAMS LA PAZ|1|800215546
945|053685130099|EPMSC JERICO|1|800215546
946|053765140099|EPMSC LA CEJA|1|800215546
947|053807000670|ESPAB ESCUELA CARLOS E RESTREPO|1|830041314
948|175416080099|EPMSC PENSILVANIA|1|800215546
949|176146090099|EPMSC RIOSUCIO|1|800215546
950|176536100099|EPMSC SALAMINA|1|800215546
951|760012000099|DIRECCION REGIONAL OCCIDENTE|1|800215546
952|760012260099|EPMSC CALI (ERE)|1|800215546
953|760017007570|ESPAB COLEGIO NUESTRA SEÑORA DE FATIMA|1|830041314
954|760017007770|ESPIM CLINICA REGIONAL DE OCCIDENTE|1|830041314
955|760017017270|UNIDAD PRESTADORA DE SALUD DEL VALLE - CLINICA DEVAL|1|901361882
956|760018301580|DISPENSARIO MEDICO CALI|1|830039670
957|760018302782|ESCUELA MILITAR DE AVIACION MARCO FIDEL SUAREZ|1|830039670
958|760018400101|VANTIVE S.A.S|1|901755480
959|760018400201|ASESVALLE LIMITADA|1|900095465
960|760018500101|LAMAR FARMACEUTICA SAS|1|901292789
961|416151390099|EPMSC NEIVA|1|800215546
962|661706200099|RM PEREIRA|1|800215546
963|661748100180|BATALLON DE INSTRUCCION ENTRENAMIENTO Y REENTRENAMIENTO No 8 JOSE VICENTE ORTEGA Y MESA|1|830039670
964|761092280099|EPMSC BUENAVENTURA|1|800215546
965|761097008470|ESPAB BUENAVENTURA|1|830041314
966|761098303081|HOSPITAL NAVAL DE MALAGA - BAHIA MALAGA|1|830039670
967|761098305681|BRIGADA DE INFANTERIA DE MARINA No 02|1|830039670
968|761099025099|ARBUE BUENAVENTURA|1|800215546
969|761112270099|EPMSC BUGA|1|800215546
970|660016160099|EPMSC PEREIRA (ERE)|1|800215546
971|660016200099|RM PEREIRA|1|800215546
972|660017015170|ESPAM UNIDAD MEDICA RISARALDA|1|830041314
973|660018302980|BATALLON DE ARTILLERIA No 8 SAN MATEO|1|830039670
974|660018500101|EVEDISA PEREIRA|1|891409291
975|660018500201|Prost Soportes Ortopédicos E.U|1|900204581
976|768342330099|CPMS TULUA|1|800215546
977|768347008570|ESPAB ESCUELA SIMON BOLIVAR|1|830041314
978|200018500101|EVEDISA VALLEDUPAR|1|891409291
979|200019019099|CPAMSEJUPA|1|800215546
980|505688314080|BATALLON DE INSTRUCCION ENTRENAMIENTO Y REENTRENAMIENTO No 28 IGNACIO DE HERRERA Y VERGARA - CARIMAGUA|1|830039670
981|505738004382|PUESTO FLUVIAL AVANZADO No 41|1|830039670
982|548100007601|HOSPITAL ECOPETROL-TIBU|1|899999068
983|765202250099|EPAMSCAS PALMIRA|1|800215546
984|765207007970|ESPAB DISTRITO PALMIRA|1|830041314
985|765208301080|BATALLON DE INGENIEROS No 3 CR. AGUSTIN CODAZZI|1|830039670
986|528352220099|EPMSC TUMACO|1|800215546
987|528357015570|ESPRI DISTRITO TUMACO|1|900807338
988|528358202281|BRIGADA DE INFANTERÞA DE MARINA No 4|1|830039670
989|528358302281|ESM BIM 40|0|830039670
990|528358702280|BATALLON DE SELVA No 53 CR. FRANCISCO JOSE GONZALEZ - GUALTAL|1|830039670
991|528382210099|EPMSC TUQUERRES|1|800215546
992|860012240099|EPMSC MOCOA|1|800215546
993|860017006070|ESPAB COMANDO PUTUMAYO|1|830041314
994|860018000101|DISTRIFARMACOS DEL SUR|1|900695228
995|415518518580|BATALLON DE INFANTERIA No 27 MAGDALENA|1|830039670
996|734116290099|EPMSC LIBANO|1|800215546
997|734437013070|ESPAB ESCUELA DE AVIACION|1|830041314
998|734491360099|EPMSC MELGAR|1|800215546
999|734498511482|ESTABLECIMIENTO DE SANIDAD MILITAR COMANDO AEREO DE CACOM 4|1|830039670
1000|735558117580|BATALLON DE OPERACIONES TERRESTRES No 18 CIMARRONES|1|830039670
1001|868858104480|BATALLON DE INFANTERIA No 25 GR. ROBERTO DOMINGO RICO|1|830039670
1002|868858220180|BAT DE INSTRUC  ENTREN Y REENTRA No27|0|830039670
1003|868858304480|BATALLON DE INFANTERIA No 25 GR. ROBERTO DOMINGO RICO|1|830039670
1004|686794150099|EPMS SAN GIL|1|800215546
1005|686797016270|ESPAB SAN GIL|1|830041314
1006|686894170099|EPMSC SAN VICENTE DE CHUCURI|1|800215546
1007|686898201480|BATALLON DE INFANTERIA No 40 CR. LUCIANO D?ELHUYAR|1|830039670
1008|687554160099|EPMSC SOCORRO|1|800215546
1009|687557006570|ESPAB SOCORRO|1|830041314
1010|687558082080|BATALLON DE ARTILLERIA No 5 CT. JOSE ANTONIO GALAN|1|830039670
1011|850011530099|EPC YOPAL|1|800215546
1012|850017002870|ESPAB COMANDO CASANARE|1|830041314
1013|520018300780|BATALLON DE ASPC No 23 GR. RAMON ESPINA|1|830039670
1014|680014000099|DIRECCION REGIONAL ORIENTE|1|800215546
1015|680014100099|CPMS BUCARAMANGA (ERE)|1|800215546
1016|680014200099|RM BUCARAMANGA|1|800215546
1017|680017006370|ESPIM CLINICA REGIONAL DEL ORIENTE|1|830041314
1018|680017007370|UNIDAD PRESTADORA DE SERVICIOS DE SALUD|1|901361090
1019|680017016070|ESPAB CENTRO DE MEDICINA PREVENTIVA DE BUCARAMANGA|1|830041314
1020|800800200001|IPS PRUEBA|0|800800200
1021|910011010099|EPMSC LETICIA|1|800215546
1022|761118300980|BATALLON DE ARTILLERIA No 3 BATALLA DE PALACE|1|830039670
1023|761118301180|BATALLON DE ALTA MONTAÑA No 3 RODRIGO LLOREDA CAICEDO - LOS FARALLONES - EL DIAMANTE|1|830039670
1024|761137008070|ESPAB DISTRITO BUGA|1|830041314
1025|761222390099|EPMSC CAICEDONIA|1|800215546
1026|761472380099|EPMSC CARTAGO|1|800215546
1027|761477008370|ESPAB DISTRITO CARTAGO|1|830041314
1028|761478301780|BATALLON DE INFANTERIA No 23 VENCEDORES|1|830039670
1029|950017004870|ESPAB COMANDO GUAVIARE|1|830041314
1030|410011390099|EPMSC NEIVA|1|800215546
1031|410017007270|ESTABLECIMIENTO DE SANIDAD POLICIAL CLINICA DEUIL|1|901362454
1032|410018517680|BATALLON DE ASPC No 9 CACICA GAITANA|1|830039670
1033|666826170099|EPMSC SANTA ROSA DE CABAL|1|800215546
1034|763642360099|COMPLEJO CARCELARIO Y PENITENCIARIO DE JAMUNDI|1|800215546
1035|948848500101|EVEDISA PUERTO COLOMBIA|1|891409291
1036|990017008670|ESPAB COMANDO VICHADA|1|830041314
1037|990018100580|BATALLON DE ASPC No 28 BOCHICA|1|830039670
1038|990018403081|BATALON FLUVIAL DE IFANTERIA N 51|1|830039670
1039|470538202880|BATALLON DE INSTRUCCION ENTRENAMIENTO Y REENTRENAMIENTO No 2 SINFOROSO MUTIS CONSUEGRA|1|830039670
1040|471898500101|EVEDISA CIENAGA|1|891409291
1041|681908203280|BATALLON DE INGENIEROS No 14 BATALLA DE CALIBIO - CANTIMPLORA|1|830039670
1042|681908522380|BATALLON DE INFANTERIA No 41 GR. RAFAEL REYES|1|830039670
1043|865688123480|BATALLON DE INGENIEROS No 27 GR MANUEL CASTRO BAYONA|1|830039670
1044|865698123480|BATALLON DE ARTILLERIA No 27 GR. LUIS ERNESTO ORDOÑEZ CASTILLO - SANTANA|1|830039670
1045|865738518280|BATALLON DE INFANTERIA DE SELVA No 49 SL. JUAN BAUTISTA SOLARTE - LATAGUA|1|830039670
1046|865738522181|HOSPITAL NAVAL DE PUERTO LEGUIZAMO|1|830039670
1047|910017016670|ESPAB COMANDO AMAZONAS|1|830041314
1048|910018403382|GRUPO AEREO DEL AMAZONAS|1|830039670
1049|910018509580|BATALLON DE ASPC No 26 SS. NESTOR OSPINA MELO|1|830039670
1050|910018510781|GUARDA COSTAS DEL AMAZONAS|1|830039670
1051|258991280099|EPMSC ZIPAQUIRA|1|800215546
1052|258997004470|ESPAB DISTRITO ZIPAQUIRA|1|830041314
1053|258998500101|EVEDISA ZIPAQUIRA|1|891409291
1054|680010000000|ECOPETROL S.A. BUCARAMANGA|1|899999068
1055|854108101580|BATALLON DE INFANTERIA No 44 RAMON NONATO PEREZ|1|830039670
1056|854408600101|URGENCIAS MEDICAS VILLANUEVA S.A.S|1|901432047
1057|971618102280|BATALLON DE SELVA No 52 GR. JOSE DOLORES SOLANO|1|830039670
1058|052667000470|ESPIM CLINICA REGIONAL VALLE DE ABURRA|1|830041314
1059|052667000670|UNIDAD PRESTADORA DE SERVICIOS DE SALUD|1|901363087
1060|052668500101|GASES INDUSTRIALES DE COLOMBIA CRYOGAS SA|1|860013704
1061|136738500101|EVEDISA SANTA CATALINA|1|891409291
1062|136838100580|BATALLON DE SELVA No 48 PROCER MANUEL RODRIGUEZ TORICES|1|830039670
1063|136838500101|EVEDISA SANTA ROSA BOLIVAR|1|891409291
1064|700010000000|ECOPETROL S.A. SINCELEJO|1|899999068
1065|868858518380|BATALLON DE ASPC No 27 SIMONA DE LUZ DUQUE DE ALZATE|1|830039670
1066|255728511782|COMANDO AEREO DE COMBATE NO. 02 BASE AEREA GERMAN OLANO COMANDO AEREO DE COMBATE NO 1|1|830039670
1067|540010000000|ECOPETROL S.A. CUCUTA|1|899999068
1068|810014010099|EPMSC ARAUCA|1|800215546
1069|810017000770|ESPAB COMANDO ARAUCA|1|830041314
1070|810018123481|BATALLON FLUVIAL DE INFANTERIA DE MARINA No 52|1|830039670
1071|810018402580|BATALLON DE ASPC No 18 ST. RAFAEL ARAGONA|1|830039670
1072|810018501880|BAT MTTO NO1 JOSE MARIA ROSILLO|0|830039670
1073|702158104881|BRIGADA DE INFANTERIA DE MARINA No 01|1|830039670
1074|702159023099|CPAMSARCOR|1|800215546
1075|702218302481|BATALLON DE ENTRENAMIENTO INFANTERIA DE MARINA|1|830039670
1076|995248403282|GRUPO AEREO DEL ORIENTE|1|830039670
1077|730018302480|BATALLON DE INSTRUCCION ENTRENAMIENTO Y REENTRENAMIENTO No 6 MANUEL DE BERNARDO ALVAREZ DEL CASAL|1|830039670
1078|730018517580|BATALLON DE ASPC No 6 FRANCISCO ANTONIO ZEA|1|830039670
1079|730556230099|EC ARMERO-GUAYABAL|1|800215546
1080|731681440099|EPMSC CHAPARRAL|1|800215546
1081|731688521380|BATALLON DE INFANTERIA No 17 GR. DOMINGO CAICEDO|1|830039670
1082|997738400980|BATALLON DE INFANTERIA MOTORIZADO No 43 GR. EFRAIN ROJAS ACEVEDO|1|830039670
1083|760018500201|EME Marketing and Consulting|1|900192075
1084|760018700101|INMEDIS S.A.S|1|900301013
1085|760018700201|SEVEN UNIVERSE GROUP SAS|1|901503761
1086|760018700301|PRODUMEINS SAS|1|901807925
1087|760019026099|CPAMSEJECA|1|800215546
1088|634708102080|BATALLON DE INGENIEROS No 8 FRANCISCO JAVIER CISNEROS - PUEBLO TAPAO|1|830039670
1089|760010000000|ECOPETROL S.A. CALI|1|899999068
1090|863200012601|UNIDAD INTEGRAL DE SERVICIOS DE SALUD-UNIS ORITO-ECOPETROL S.A.|1|899999068
1091|863208118380|BATALLON ESPECIAL ENERGETICO Y VIAL No 9 GR. JOSE MARIA GAITAN|1|830039670
1092|950018123480|ESCUELA DE FUERZAS ESPECIALES RURALES|0|830039670
1093|950018400680|BATALLON DE ASPC No 22 CR. BENEDICTO TRIANA|1|830039670
1094|950158123480|BATALLON DE INFANTERIA DE SELVA No 24 GR. LUIS CARLOS CAMACHO LEYVA|1|830039670
1095|950258100680|BATALLON DE INSTRUCCION ENTRENAMIENTO Y REENTRENAMIENTO No 22 JOSE IGNACIO ALVAREZ DE SALAZAR|1|830039670
1096|952008100680|BATALLON DE SELVA No 51 GR. JOSE MARIA ORTEGA|1|830039670
1097|766222400099|EPMSC ROLDANILLO|1|800215546
1098|766227008270|ESPAB ROLDANILLO|1|830041314
1099|767362410099|EPMSC SEVILLA|1|800215546
1100|767367008170|ESPAB SEVILLA|1|830041314
1101|817368155880|BAT DE INSTRUC  ENTREN Y REEENTREN No18|0|830039670
1102|817368202580|GRUPO DE CABALLERIA MECANIZADO No 18 GR. GABRIEL REVEIZ PIZARRO|1|830039670
1103|817948102580|BATALLON DE ARTILLERIA No 18 GR. JOSE MARIA MANTILLA - PUERTO JORDAN|1|830039670
1104|817948402680|BATALLON DE INGENIEROS No 18 GR. RAFAEL NAVAS PARDO|1|830039670
1105|684327016170|ESPAB DISTRITO MALAGA|1|830041314
1106|768347018070|ESPAB TULUA|1|830041314
1107|768958300280|BATALLON DE INSTRUCCION ENTRENAMIENTO Y REENTRENAMIENTO No 3 LUIS EDUARDO DE AZUOLA Y ROCHA|1|830039670
1108|680810192301|COOPERATIVA DE TRABAJADORES TEMPORALES DE ECOPETROL COTEMPETROL|1|800053193
1109|680814110099|EPMSC BARRANCABERMEJA|1|800215546
1110|680817006470|ESPAB COMANDO MAGDALENA MEDIO|1|830041314
1111|680818200780|BATALLON DE ARTILLERIA DE DEFENSA AEREA No 2 NUEVA GRANADA|1|830039670
1112|680818240281|PUESTA FLUVIAL AVANZADO N 31|1|830039670
1113|735851470099|EPMSC PURIFICACION|1|800215546
1114|850018103082|GRUPO AEREO DEL CASANARE|1|830039670
1115|850018403680|BATALLON DE ASPC No 16 TE. WILLIAM RAMIREZ SILVA|1|830039670
1116|850019018099|CPAMSEJEYO|1|800215546
1117|850100236201|ECOPETROL CASANARE|1|899999068
1118|850108123480|BATALLON DE INSTRUCCION ENTRENAMIENTO Y REENTRENAMIENTO No 16 JOSE MARTIN PARIS ALVAREZ - CUPIAGUA|1|830039670
1119|970017017870|ESPAB COMANDO VAUPES|1|830041314
1120|970018133480|BATALLON DE INFANTERIA No 30 GR. ALFREDO VASQUEZ COBO|1|830039670
1121|970018567880|BRIGADA 31|0|830039670
1122|544988201380|BATALLON DE INFANTERIA No 15 GR. FRANCISCO DE PAULA SANTANDER|1|830039670
1123|545798178080|BATALLON DE INGENIEROS No 30 CR. JOSE ALBERTO SALAZAR ARANA|1|830039670
1124|732681450099|CPMS ESPINAL|1|800215546
1125|732687007170|ESPAB ESCUELA GABRIEL GONZALEZ|1|830041314
1126|732687017570|ESPAB ESCUELA NACIONAL DE OPERACIONES POLICIALES|1|830041314
1127|732836260099|EPMSC FRESNO|1|800215546
1128|733191580099|EPC GUAMO|1|800215546
1129|733496280099|EPMSC HONDA|1|800215546
1130|733498504480|BATALLON DE INFANTERIA No 16 PATRIOTAS|1|830039670
1131|688614180099|EPMSC VELEZ|1|800215546
1132|688617012970|ESPAB ESCUELA DE CARABINEROS DE LA PROVINCIA DE VELEZ|1|830041314
1133|852501520099|EPMSC PAZ DE ARIPORO|1|800215546
1134|940017008770|ESPAB COMANDO GUAINIA|1|830041314
1135|940018240181|BATALLON FLUVIAL DE INFANTERIA DE MARINA No 50|1|830039670
1136|940018401080|BATALLON DE INFANTERIA DE SELVA No 45 GR. PROSPERO PINZON|1|830039670
1137|700018500101|INNOVACION ANALITICA S.A.S.|1|901039177
1138|880013180099|EPMSC SAN ANDRES|1|800215546
1139|880017006670|ESPAB SAN ANDRES Y PROVIDENCIA|1|830041314
1140|880018104281|BASE NAVAL No 04|1|830039670
1141|880018105382|GRUPO AEREO DEL CARIBE|1|830039670
1142|880018270099|EPMSC SAN ANDRES|1|800215546